<?xml version="1.0"?>
<data grt_format="2.0" document_type="MySQL Workbench Model" version="1.4.4">
  <value type="object" struct-name="workbench.Document" id="{C3D7EAC5-F500-48A4-BE5C-BDDE9D03D748}" struct-checksum="0x7131bf99">
    <value type="object" struct-name="workbench.logical.Model" id="{7A0A6910-D2D8-4B09-BAC8-017BA2394FE6}" struct-checksum="0xf4220370" key="logicalModel">
      <value _ptr_="0000017033C284C0" type="list" content-type="object" content-struct-name="workbench.logical.Diagram" key="diagrams"/>
      <value _ptr_="000001703D63E3B0" type="dict" key="customData"/>
      <value _ptr_="0000017033C28D10" type="list" content-type="object" content-struct-name="model.Marker" key="markers"/>
      <value _ptr_="000001703D63F5B0" type="dict" key="options"/>
      <value type="string" key="name"></value>
      <link type="object" struct-name="GrtObject" key="owner">{C3D7EAC5-F500-48A4-BE5C-BDDE9D03D748}</link>
    </value>
    <value _ptr_="0000017033C28B50" type="list" content-type="object" content-struct-name="workbench.OverviewPanel" key="overviewPanels"/>
    <value _ptr_="0000017033C294F0" type="list" content-type="object" content-struct-name="workbench.physical.Model" key="physicalModels">
      <value type="object" struct-name="workbench.physical.Model" id="{B8146694-D019-4FEE-B353-8388F29F35ED}" struct-checksum="0x5f896d18">
        <value type="object" struct-name="db.mysql.Catalog" id="{A9B53DFC-5FFE-4528-93EE-9E7E0A5BB849}" struct-checksum="0x82ad3466" key="catalog">
          <value _ptr_="0000017033C29090" type="list" content-type="object" content-struct-name="db.mysql.LogFileGroup" key="logFileGroups"/>
          <value _ptr_="0000017033C29100" type="list" content-type="object" content-struct-name="db.mysql.Schema" key="schemata">
            <value type="object" struct-name="db.mysql.Schema" id="{35085659-D5A0-47B6-A9AF-7120A7B4D0BB}" struct-checksum="0x20b94c22">
              <value _ptr_="0000017033C2A590" type="list" content-type="object" content-struct-name="db.mysql.RoutineGroup" key="routineGroups"/>
              <value _ptr_="0000017033C2A670" type="list" content-type="object" content-struct-name="db.mysql.Routine" key="routines"/>
              <value _ptr_="0000017033C29B10" type="list" content-type="object" content-struct-name="db.mysql.Sequence" key="sequences"/>
              <value _ptr_="0000017033C2AAD0" type="list" content-type="object" content-struct-name="db.mysql.StructuredDatatype" key="structuredTypes"/>
              <value _ptr_="0000017033C2A440" type="list" content-type="object" content-struct-name="db.mysql.Synonym" key="synonyms"/>
              <value _ptr_="0000017033C29D40" type="list" content-type="object" content-struct-name="db.mysql.Table" key="tables"/>
              <value _ptr_="0000017033C2B010" type="list" content-type="object" content-struct-name="db.mysql.View" key="views"/>
              <value type="string" key="defaultCharacterSetName">utf8</value>
              <value type="string" key="defaultCollationName">utf8_general_ci</value>
              <value _ptr_="0000017033C29CD0" type="list" content-type="object" content-struct-name="db.Event" key="events"/>
              <value type="int" key="commentedOut">0</value>
              <value type="string" key="createDate"></value>
              <value _ptr_="000001703D63EB30" type="dict" key="customData"/>
              <value type="string" key="lastChangeDate"></value>
              <value type="int" key="modelOnly">0</value>
              <value type="string" key="name">mydb</value>
              <link type="object" struct-name="GrtNamedObject" key="owner">{A9B53DFC-5FFE-4528-93EE-9E7E0A5BB849}</link>
              <value type="string" key="temp_sql"></value>
              <value type="string" key="comment"></value>
              <value type="string" key="oldName">mydb</value>
            </value>
            <value type="object" struct-name="db.mysql.Schema" id="{AA481DDC-90C3-469A-87D4-81D3E4C82E5A}" struct-checksum="0x20b94c22">
              <value _ptr_="000001704A6206E0" type="list" content-type="object" content-struct-name="db.mysql.RoutineGroup" key="routineGroups"/>
              <value _ptr_="000001704A620B40" type="list" content-type="object" content-struct-name="db.mysql.Routine" key="routines"/>
              <value _ptr_="000001704A620210" type="list" content-type="object" content-struct-name="db.mysql.Sequence" key="sequences"/>
              <value _ptr_="000001704A620590" type="list" content-type="object" content-struct-name="db.mysql.StructuredDatatype" key="structuredTypes"/>
              <value _ptr_="000001704A6217F0" type="list" content-type="object" content-struct-name="db.mysql.Synonym" key="synonyms"/>
              <value _ptr_="000001704A620830" type="list" content-type="object" content-struct-name="db.mysql.Table" key="tables">
                <value type="object" struct-name="db.mysql.Table" id="{BAE4321C-3A23-47C5-B120-BB4E6CD87ED4}" struct-checksum="0x4564421a">
                  <value type="string" key="avgRowLength"></value>
                  <value type="int" key="checksum">0</value>
                  <value _ptr_="00000170425DFE80" type="list" content-type="object" content-struct-name="db.mysql.Column" key="columns">
                    <value type="object" struct-name="db.mysql.Column" id="{76940C10-45FF-4F8F-A1CC-7D5B8AA5730D}" struct-checksum="0xba88e21c">
                      <value type="int" key="autoIncrement">0</value>
                      <value type="string" key="expression"></value>
                      <value type="int" key="generated">0</value>
                      <value type="string" key="generatedStorage"></value>
                      <value type="string" key="characterSetName"></value>
                      <value _ptr_="000001704B541310" type="list" content-type="object" content-struct-name="db.CheckConstraint" key="checks"/>
                      <value type="string" key="collationName"></value>
                      <value type="string" key="datatypeExplicitParams"></value>
                      <value type="string" key="defaultValue"></value>
                      <value type="int" key="defaultValueIsNull">0</value>
                      <value _ptr_="000001704B542500" type="list" content-type="string" key="flags"/>
                      <value type="int" key="isNotNull">1</value>
                      <value type="int" key="length">-1</value>
                      <value type="int" key="precision">-1</value>
                      <value type="int" key="scale">-1</value>
                      <link type="object" struct-name="db.SimpleDatatype" key="simpleType">com.mysql.rdbms.mysql.datatype.int</link>
                      <value type="string" key="comment"></value>
                      <value type="string" key="name">codigo</value>
                      <value type="string" key="oldName">codigo</value>
                      <link type="object" struct-name="GrtObject" key="owner">{BAE4321C-3A23-47C5-B120-BB4E6CD87ED4}</link>
                    </value>
                    <value type="object" struct-name="db.mysql.Column" id="{FD13472F-F63E-4613-A493-97E9A72DD7E1}" struct-checksum="0xba88e21c">
                      <value type="int" key="autoIncrement">0</value>
                      <value type="string" key="expression"></value>
                      <value type="int" key="generated">0</value>
                      <value type="string" key="generatedStorage"></value>
                      <value type="string" key="characterSetName"></value>
                      <value _ptr_="000001704B541380" type="list" content-type="object" content-struct-name="db.CheckConstraint" key="checks"/>
                      <value type="string" key="collationName"></value>
                      <value type="string" key="datatypeExplicitParams"></value>
                      <value type="string" key="defaultValue"></value>
                      <value type="int" key="defaultValueIsNull">0</value>
                      <value _ptr_="000001704B5411C0" type="list" content-type="string" key="flags"/>
                      <value type="int" key="isNotNull">1</value>
                      <value type="int" key="length">45</value>
                      <value type="int" key="precision">-1</value>
                      <value type="int" key="scale">-1</value>
                      <link type="object" struct-name="db.SimpleDatatype" key="simpleType">com.mysql.rdbms.mysql.datatype.varchar</link>
                      <value type="string" key="comment"></value>
                      <value type="string" key="name">ISBN</value>
                      <value type="string" key="oldName">ISBN</value>
                      <link type="object" struct-name="GrtObject" key="owner">{BAE4321C-3A23-47C5-B120-BB4E6CD87ED4}</link>
                    </value>
                    <value type="object" struct-name="db.mysql.Column" id="{C1973C1F-1256-4CC5-A72F-482657AB1291}" struct-checksum="0xba88e21c">
                      <value type="int" key="autoIncrement">0</value>
                      <value type="string" key="expression"></value>
                      <value type="int" key="generated">0</value>
                      <value type="string" key="generatedStorage"></value>
                      <value type="string" key="characterSetName"></value>
                      <value _ptr_="000001704B542110" type="list" content-type="object" content-struct-name="db.CheckConstraint" key="checks"/>
                      <value type="string" key="collationName"></value>
                      <value type="string" key="datatypeExplicitParams"></value>
                      <value type="string" key="defaultValue"></value>
                      <value type="int" key="defaultValueIsNull">0</value>
                      <value _ptr_="000001704B541070" type="list" content-type="string" key="flags"/>
                      <value type="int" key="isNotNull">1</value>
                      <value type="int" key="length">45</value>
                      <value type="int" key="precision">-1</value>
                      <value type="int" key="scale">-1</value>
                      <link type="object" struct-name="db.SimpleDatatype" key="simpleType">com.mysql.rdbms.mysql.datatype.varchar</link>
                      <value type="string" key="comment"></value>
                      <value type="string" key="name">titulo</value>
                      <value type="string" key="oldName">titulo</value>
                      <link type="object" struct-name="GrtObject" key="owner">{BAE4321C-3A23-47C5-B120-BB4E6CD87ED4}</link>
                    </value>
                    <value type="object" struct-name="db.mysql.Column" id="{F9721724-79EF-41C3-A6FB-0DC70321993D}" struct-checksum="0xba88e21c">
                      <value type="int" key="autoIncrement">0</value>
                      <value type="string" key="expression"></value>
                      <value type="int" key="generated">0</value>
                      <value type="string" key="generatedStorage"></value>
                      <value type="string" key="characterSetName"></value>
                      <value _ptr_="000001704B541A80" type="list" content-type="object" content-struct-name="db.CheckConstraint" key="checks"/>
                      <value type="string" key="collationName"></value>
                      <value type="string" key="datatypeExplicitParams"></value>
                      <value type="string" key="defaultValue"></value>
                      <value type="int" key="defaultValueIsNull">0</value>
                      <value _ptr_="000001704B542A40" type="list" content-type="string" key="flags"/>
                      <value type="int" key="isNotNull">1</value>
                      <value type="int" key="length">45</value>
                      <value type="int" key="precision">-1</value>
                      <value type="int" key="scale">-1</value>
                      <link type="object" struct-name="db.SimpleDatatype" key="simpleType">com.mysql.rdbms.mysql.datatype.varchar</link>
                      <value type="string" key="comment"></value>
                      <value type="string" key="name">Assunto</value>
                      <value type="string" key="oldName">Assunto</value>
                      <link type="object" struct-name="GrtObject" key="owner">{BAE4321C-3A23-47C5-B120-BB4E6CD87ED4}</link>
                    </value>
                    <value type="object" struct-name="db.mysql.Column" id="{B6192C39-721A-4962-8267-7A23F6C8C218}" struct-checksum="0xba88e21c">
                      <value type="int" key="autoIncrement">0</value>
                      <value type="string" key="expression"></value>
                      <value type="int" key="generated">0</value>
                      <value type="string" key="generatedStorage"></value>
                      <value type="string" key="characterSetName"></value>
                      <value _ptr_="000001704B544170" type="list" content-type="object" content-struct-name="db.CheckConstraint" key="checks"/>
                      <value type="string" key="collationName"></value>
                      <value type="string" key="datatypeExplicitParams"></value>
                      <value type="string" key="defaultValue"></value>
                      <value type="int" key="defaultValueIsNull">0</value>
                      <value _ptr_="000001704B543530" type="list" content-type="string" key="flags"/>
                      <value type="int" key="isNotNull">1</value>
                      <value type="int" key="length">45</value>
                      <value type="int" key="precision">-1</value>
                      <value type="int" key="scale">-1</value>
                      <link type="object" struct-name="db.SimpleDatatype" key="simpleType">com.mysql.rdbms.mysql.datatype.varchar</link>
                      <value type="string" key="comment"></value>
                      <value type="string" key="name">autores</value>
                      <value type="string" key="oldName">autores</value>
                      <link type="object" struct-name="GrtObject" key="owner">{BAE4321C-3A23-47C5-B120-BB4E6CD87ED4}</link>
                    </value>
                    <value type="object" struct-name="db.mysql.Column" id="{09DCD30B-5A38-4C99-BBC8-728D54F6C769}" struct-checksum="0xba88e21c">
                      <value type="int" key="autoIncrement">0</value>
                      <value type="string" key="expression"></value>
                      <value type="int" key="generated">0</value>
                      <value type="string" key="generatedStorage"></value>
                      <value type="string" key="characterSetName"></value>
                      <value _ptr_="000001704B543CA0" type="list" content-type="object" content-struct-name="db.CheckConstraint" key="checks"/>
                      <value type="string" key="collationName"></value>
                      <value type="string" key="datatypeExplicitParams"></value>
                      <value type="string" key="defaultValue"></value>
                      <value type="int" key="defaultValueIsNull">0</value>
                      <value _ptr_="000001704B543610" type="list" content-type="string" key="flags"/>
                      <value type="int" key="isNotNull">1</value>
                      <value type="int" key="length">45</value>
                      <value type="int" key="precision">-1</value>
                      <value type="int" key="scale">-1</value>
                      <link type="object" struct-name="db.SimpleDatatype" key="simpleType">com.mysql.rdbms.mysql.datatype.varchar</link>
                      <value type="string" key="comment"></value>
                      <value type="string" key="name">editora</value>
                      <value type="string" key="oldName">editora</value>
                      <link type="object" struct-name="GrtObject" key="owner">{BAE4321C-3A23-47C5-B120-BB4E6CD87ED4}</link>
                    </value>
                  </value>
                  <value type="string" key="connectionString"></value>
                  <value type="string" key="defaultCharacterSetName"></value>
                  <value type="string" key="defaultCollationName"></value>
                  <value type="int" key="delayKeyWrite">0</value>
                  <value _ptr_="00000170425E06D0" type="list" content-type="object" content-struct-name="db.mysql.ForeignKey" key="foreignKeys"/>
                  <value _ptr_="00000170425DF550" type="list" content-type="object" content-struct-name="db.mysql.Index" key="indices">
                    <value type="object" struct-name="db.mysql.Index" id="{0924C4F1-AA13-4E03-8D97-85FBEF930DCD}" struct-checksum="0xdb1989cd">
                      <value type="string" key="algorithm"></value>
                      <value _ptr_="000001704B540D60" type="list" content-type="object" content-struct-name="db.mysql.IndexColumn" key="columns">
                        <value type="object" struct-name="db.mysql.IndexColumn" id="{0E3EFB09-31D2-4F74-8901-8D182839E454}" struct-checksum="0x62630b3c">
                          <value type="int" key="columnLength">0</value>
                          <value type="string" key="comment"></value>
                          <value type="int" key="descend">0</value>
                          <value type="string" key="expression"></value>
                          <link type="object" struct-name="db.Column" key="referencedColumn">{76940C10-45FF-4F8F-A1CC-7D5B8AA5730D}</link>
                          <value type="string" key="name"></value>
                          <link type="object" struct-name="GrtObject" key="owner">{0924C4F1-AA13-4E03-8D97-85FBEF930DCD}</link>
                        </value>
                      </value>
                      <value type="string" key="indexKind"></value>
                      <value type="int" key="keyBlockSize">0</value>
                      <value type="string" key="lockOption"></value>
                      <value type="int" key="visible">1</value>
                      <value type="string" key="withParser"></value>
                      <value type="string" key="comment"></value>
                      <value type="int" key="deferability">0</value>
                      <value type="string" key="indexType">PRIMARY</value>
                      <value type="int" key="isPrimary">1</value>
                      <value type="string" key="name">PRIMARY</value>
                      <value type="int" key="unique">0</value>
                      <value type="int" key="commentedOut">0</value>
                      <value type="string" key="createDate"></value>
                      <value _ptr_="00000170418DDEC0" type="dict" key="customData"/>
                      <value type="string" key="lastChangeDate"></value>
                      <value type="int" key="modelOnly">0</value>
                      <link type="object" struct-name="GrtNamedObject" key="owner">{BAE4321C-3A23-47C5-B120-BB4E6CD87ED4}</link>
                      <value type="string" key="temp_sql"></value>
                      <value type="string" key="oldName">PRIMARY</value>
                    </value>
                  </value>
                  <value type="string" key="keyBlockSize"></value>
                  <value type="string" key="maxRows"></value>
                  <value type="string" key="mergeInsert"></value>
                  <value type="string" key="mergeUnion"></value>
                  <value type="string" key="minRows"></value>
                  <value type="string" key="nextAutoInc"></value>
                  <value type="string" key="packKeys"></value>
                  <value type="int" key="partitionCount">0</value>
                  <value _ptr_="00000170425E0430" type="list" content-type="object" content-struct-name="db.mysql.PartitionDefinition" key="partitionDefinitions"/>
                  <value type="string" key="partitionExpression"></value>
                  <value type="int" key="partitionKeyAlgorithm">0</value>
                  <value type="string" key="partitionType"></value>
                  <value type="string" key="password"></value>
                  <link type="object" struct-name="db.mysql.Index" key="primaryKey">{0924C4F1-AA13-4E03-8D97-85FBEF930DCD}</link>
                  <value type="string" key="raidChunkSize"></value>
                  <value type="string" key="raidChunks"></value>
                  <value type="string" key="raidType"></value>
                  <value type="string" key="rowFormat"></value>
                  <value type="string" key="statsAutoRecalc"></value>
                  <value type="string" key="statsPersistent"></value>
                  <value type="int" key="statsSamplePages">0</value>
                  <value type="int" key="subpartitionCount">0</value>
                  <value type="string" key="subpartitionExpression"></value>
                  <value type="int" key="subpartitionKeyAlgorithm">0</value>
                  <value type="string" key="subpartitionType"></value>
                  <value type="string" key="tableDataDir"></value>
                  <value type="string" key="tableEngine">InnoDB</value>
                  <value type="string" key="tableIndexDir"></value>
                  <value type="string" key="tableSpace"></value>
                  <value _ptr_="00000170425DF9B0" type="list" content-type="object" content-struct-name="db.mysql.Trigger" key="triggers"/>
                  <value type="int" key="isStub">0</value>
                  <value type="int" key="isSystem">0</value>
                  <value type="int" key="isTemporary">0</value>
                  <value type="string" key="temporaryScope"></value>
                  <value type="int" key="commentedOut">0</value>
                  <value type="string" key="createDate">2022-04-07 16:30</value>
                  <value _ptr_="000001703C7DD390" type="dict" key="customData"/>
                  <value type="string" key="lastChangeDate">2022-04-07 16:32</value>
                  <value type="int" key="modelOnly">0</value>
                  <value type="string" key="name">livro</value>
                  <link type="object" struct-name="GrtNamedObject" key="owner">{AA481DDC-90C3-469A-87D4-81D3E4C82E5A}</link>
                  <value type="string" key="temp_sql"></value>
                  <value type="string" key="comment"></value>
                  <value type="string" key="oldName">livro</value>
                </value>
              </value>
              <value _ptr_="000001704A621080" type="list" content-type="object" content-struct-name="db.mysql.View" key="views"/>
              <value type="string" key="defaultCharacterSetName">utf8mb4</value>
              <value type="string" key="defaultCollationName">utf8mb4_0900_ai_ci</value>
              <value _ptr_="000001704A621710" type="list" content-type="object" content-struct-name="db.Event" key="events"/>
              <value type="int" key="commentedOut">0</value>
              <value type="string" key="createDate">2022-04-07 16:13</value>
              <value _ptr_="0000017042298BC0" type="dict" key="customData"/>
              <value type="string" key="lastChangeDate">2022-04-07 16:13</value>
              <value type="int" key="modelOnly">0</value>
              <value type="string" key="name">atividade8</value>
              <link type="object" struct-name="GrtNamedObject" key="owner">{A9B53DFC-5FFE-4528-93EE-9E7E0A5BB849}</link>
              <value type="string" key="temp_sql"></value>
              <value type="string" key="comment"></value>
              <value type="string" key="oldName">atividade8</value>
            </value>
          </value>
          <value _ptr_="0000017033C27CE0" type="list" content-type="object" content-struct-name="db.mysql.ServerLink" key="serverLinks"/>
          <value _ptr_="0000017033C27E30" type="list" content-type="object" content-struct-name="db.mysql.Tablespace" key="tablespaces"/>
          <value _ptr_="0000017033C28E60" type="list" content-type="object" content-struct-name="db.CharacterSet" key="characterSets">
            <link type="object">com.mysql.rdbms.mysql.charset.big5</link>
            <link type="object">com.mysql.rdbms.mysql.charset.dec8</link>
            <link type="object">com.mysql.rdbms.mysql.charset.cp850</link>
            <link type="object">com.mysql.rdbms.mysql.charset.hp8</link>
            <link type="object">com.mysql.rdbms.mysql.charset.koi8r</link>
            <link type="object">com.mysql.rdbms.mysql.charset.latin1</link>
            <link type="object">com.mysql.rdbms.mysql.charset.latin2</link>
            <link type="object">com.mysql.rdbms.mysql.charset.swe7</link>
            <link type="object">com.mysql.rdbms.mysql.charset.ascii</link>
            <link type="object">com.mysql.rdbms.mysql.charset.ujis</link>
            <link type="object">com.mysql.rdbms.mysql.charset.sjis</link>
            <link type="object">com.mysql.rdbms.mysql.charset.hebrew</link>
            <link type="object">com.mysql.rdbms.mysql.charset.tis620</link>
            <link type="object">com.mysql.rdbms.mysql.charset.euckr</link>
            <link type="object">com.mysql.rdbms.mysql.charset.koi8u</link>
            <link type="object">com.mysql.rdbms.mysql.charset.gb18030</link>
            <link type="object">com.mysql.rdbms.mysql.charset.gb2312</link>
            <link type="object">com.mysql.rdbms.mysql.charset.greek</link>
            <link type="object">com.mysql.rdbms.mysql.charset.cp1250</link>
            <link type="object">com.mysql.rdbms.mysql.charset.gbk</link>
            <link type="object">com.mysql.rdbms.mysql.charset.latin5</link>
            <link type="object">com.mysql.rdbms.mysql.charset.asmscii8</link>
            <link type="object">com.mysql.rdbms.mysql.charset.utf8</link>
            <link type="object">com.mysql.rdbms.mysql.charset.ucs2</link>
            <link type="object">com.mysql.rdbms.mysql.charset.cp866</link>
            <link type="object">com.mysql.rdbms.mysql.charset.keybcs2</link>
            <link type="object">com.mysql.rdbms.mysql.charset.macce</link>
            <link type="object">com.mysql.rdbms.mysql.charset.macroman</link>
            <link type="object">com.mysql.rdbms.mysql.charset.cp852</link>
            <link type="object">com.mysql.rdbms.mysql.charset.latin7</link>
            <link type="object">com.mysql.rdbms.mysql.charset.cp1251</link>
            <link type="object">com.mysql.rdbms.mysql.charset.cp1256</link>
            <link type="object">com.mysql.rdbms.mysql.charset.cp1257</link>
            <link type="object">com.mysql.rdbms.mysql.charset.binary</link>
            <link type="object">com.mysql.rdbms.mysql.charset.geostd8</link>
            <link type="object">com.mysql.rdbms.mysql.charset.cp932</link>
            <link type="object">com.mysql.rdbms.mysql.charset.eucjpms</link>
            <link type="object">com.mysql.rdbms.mysql.charset.utf8mb4</link>
            <link type="object">com.mysql.rdbms.mysql.charset.utf16</link>
            <link type="object">com.mysql.rdbms.mysql.charset.utf32</link>
          </value>
          <value _ptr_="000001703D63E470" type="dict" key="customData"/>
          <value type="string" key="defaultCharacterSetName"></value>
          <value type="string" key="defaultCollationName"></value>
          <link type="object" struct-name="db.Schema" key="defaultSchema">{35085659-D5A0-47B6-A9AF-7120A7B4D0BB}</link>
          <value _ptr_="0000017033C27B20" type="list" content-type="object" content-struct-name="db.Role" key="roles">
            <value type="object" struct-name="db.Role" id="{BCD82711-AF93-4F99-B091-3CC4F64CCF35}" struct-checksum="0x3cc75502">
              <value _ptr_="0000017033C2AFA0" type="list" content-type="object" content-struct-name="db.Role" key="childRoles"/>
              <value _ptr_="0000017033C29B80" type="list" content-type="object" content-struct-name="db.RolePrivilege" key="privileges">
                <value type="object" struct-name="db.RolePrivilege" id="{E1B3FE99-4028-457C-A41F-15BF053EEF0A}" struct-checksum="0x39cda05d">
                  <value type="string" key="databaseObjectName">**.*</value>
                  <value type="string" key="databaseObjectType">SCHEMA</value>
                  <value _ptr_="0000017033C29BF0" type="list" content-type="string" key="privileges">
                    <value type="string">ALL</value>
                  </value>
                  <value type="string" key="name"></value>
                  <link type="object" struct-name="GrtObject" key="owner">{BCD82711-AF93-4F99-B091-3CC4F64CCF35}</link>
                </value>
              </value>
              <value type="int" key="commentedOut">0</value>
              <value type="string" key="createDate"></value>
              <value _ptr_="000001703D63E170" type="dict" key="customData"/>
              <value type="string" key="lastChangeDate"></value>
              <value type="int" key="modelOnly">0</value>
              <value type="string" key="name">owner</value>
              <link type="object" struct-name="GrtNamedObject" key="owner">{A9B53DFC-5FFE-4528-93EE-9E7E0A5BB849}</link>
              <value type="string" key="temp_sql"></value>
              <value type="string" key="comment"></value>
              <value type="string" key="oldName"></value>
            </value>
            <value type="object" struct-name="db.Role" id="{FC19CF9F-705C-41C0-A25E-0545EF4B655E}" struct-checksum="0x3cc75502">
              <value _ptr_="0000017033C2A210" type="list" content-type="object" content-struct-name="db.Role" key="childRoles"/>
              <value _ptr_="0000017033C2A280" type="list" content-type="object" content-struct-name="db.RolePrivilege" key="privileges">
                <value type="object" struct-name="db.RolePrivilege" id="{426328C0-68CE-4DE1-AD90-549A260DF80B}" struct-checksum="0x39cda05d">
                  <value type="string" key="databaseObjectName">**.*</value>
                  <value type="string" key="databaseObjectType">TABLE</value>
                  <value _ptr_="0000017033C2AC90" type="list" content-type="string" key="privileges">
                    <value type="string">SELECT</value>
                  </value>
                  <value type="string" key="name"></value>
                  <link type="object" struct-name="GrtObject" key="owner">{FC19CF9F-705C-41C0-A25E-0545EF4B655E}</link>
                </value>
              </value>
              <value type="int" key="commentedOut">0</value>
              <value type="string" key="createDate"></value>
              <value _ptr_="000001703D63E1D0" type="dict" key="customData"/>
              <value type="string" key="lastChangeDate"></value>
              <value type="int" key="modelOnly">0</value>
              <value type="string" key="name">table.readonly</value>
              <link type="object" struct-name="GrtNamedObject" key="owner">{A9B53DFC-5FFE-4528-93EE-9E7E0A5BB849}</link>
              <value type="string" key="temp_sql"></value>
              <value type="string" key="comment"></value>
              <value type="string" key="oldName"></value>
            </value>
            <value type="object" struct-name="db.Role" id="{AACA2CDF-CD55-4744-B0F9-D52868A76014}" struct-checksum="0x3cc75502">
              <value _ptr_="0000017033C29720" type="list" content-type="object" content-struct-name="db.Role" key="childRoles"/>
              <value _ptr_="0000017033C296B0" type="list" content-type="object" content-struct-name="db.RolePrivilege" key="privileges">
                <value type="object" struct-name="db.RolePrivilege" id="{12286675-DB37-45F7-A0E1-CF9CB8616B61}" struct-checksum="0x39cda05d">
                  <value type="string" key="databaseObjectName">**.*</value>
                  <value type="string" key="databaseObjectType">TABLE</value>
                  <value _ptr_="0000017033C29FE0" type="list" content-type="string" key="privileges">
                    <value type="string">SELECT</value>
                    <value type="string">INSERT</value>
                    <value type="string">TRIGGER</value>
                  </value>
                  <value type="string" key="name"></value>
                  <link type="object" struct-name="GrtObject" key="owner">{AACA2CDF-CD55-4744-B0F9-D52868A76014}</link>
                </value>
              </value>
              <value type="int" key="commentedOut">0</value>
              <value type="string" key="createDate"></value>
              <value _ptr_="000001703D63E590" type="dict" key="customData"/>
              <value type="string" key="lastChangeDate"></value>
              <value type="int" key="modelOnly">0</value>
              <value type="string" key="name">table.insert</value>
              <link type="object" struct-name="GrtNamedObject" key="owner">{A9B53DFC-5FFE-4528-93EE-9E7E0A5BB849}</link>
              <value type="string" key="temp_sql"></value>
              <value type="string" key="comment"></value>
              <value type="string" key="oldName"></value>
            </value>
            <value type="object" struct-name="db.Role" id="{79DD0F56-7F44-4430-8E3A-31217F64A5A3}" struct-checksum="0x3cc75502">
              <value _ptr_="0000017033C29C60" type="list" content-type="object" content-struct-name="db.Role" key="childRoles"/>
              <value _ptr_="0000017033C2A130" type="list" content-type="object" content-struct-name="db.RolePrivilege" key="privileges">
                <value type="object" struct-name="db.RolePrivilege" id="{07750123-07EC-4F7C-ACA7-EBF3355332A8}" struct-checksum="0x39cda05d">
                  <value type="string" key="databaseObjectName">**.*</value>
                  <value type="string" key="databaseObjectType">TABLE</value>
                  <value _ptr_="0000017033C2A2F0" type="list" content-type="string" key="privileges">
                    <value type="string">SELECT</value>
                    <value type="string">INSERT</value>
                    <value type="string">TRIGGER</value>
                    <value type="string">UPDATE</value>
                    <value type="string">DELETE</value>
                  </value>
                  <value type="string" key="name"></value>
                  <link type="object" struct-name="GrtObject" key="owner">{79DD0F56-7F44-4430-8E3A-31217F64A5A3}</link>
                </value>
              </value>
              <value type="int" key="commentedOut">0</value>
              <value type="string" key="createDate"></value>
              <value _ptr_="000001703D63E8F0" type="dict" key="customData"/>
              <value type="string" key="lastChangeDate"></value>
              <value type="int" key="modelOnly">0</value>
              <value type="string" key="name">table.modify</value>
              <link type="object" struct-name="GrtNamedObject" key="owner">{A9B53DFC-5FFE-4528-93EE-9E7E0A5BB849}</link>
              <value type="string" key="temp_sql"></value>
              <value type="string" key="comment"></value>
              <value type="string" key="oldName"></value>
            </value>
            <value type="object" struct-name="db.Role" id="{0590E9FA-2859-48FA-A399-D9FC56AA8D01}" struct-checksum="0x3cc75502">
              <value _ptr_="0000017033C2A3D0" type="list" content-type="object" content-struct-name="db.Role" key="childRoles"/>
              <value _ptr_="0000017033C2A520" type="list" content-type="object" content-struct-name="db.RolePrivilege" key="privileges">
                <value type="object" struct-name="db.RolePrivilege" id="{FF930D06-2D92-4C15-B6DE-5FF08D6E3DB3}" struct-checksum="0x39cda05d">
                  <value type="string" key="databaseObjectName">**.*</value>
                  <value type="string" key="databaseObjectType">ROUTINE</value>
                  <value _ptr_="0000017033C2A8A0" type="list" content-type="string" key="privileges">
                    <value type="string">EXECUTE</value>
                  </value>
                  <value type="string" key="name"></value>
                  <link type="object" struct-name="GrtObject" key="owner">{0590E9FA-2859-48FA-A399-D9FC56AA8D01}</link>
                </value>
              </value>
              <value type="int" key="commentedOut">0</value>
              <value type="string" key="createDate"></value>
              <value _ptr_="000001703D63E9B0" type="dict" key="customData"/>
              <value type="string" key="lastChangeDate"></value>
              <value type="int" key="modelOnly">0</value>
              <value type="string" key="name">routine.execute</value>
              <link type="object" struct-name="GrtNamedObject" key="owner">{A9B53DFC-5FFE-4528-93EE-9E7E0A5BB849}</link>
              <value type="string" key="temp_sql"></value>
              <value type="string" key="comment"></value>
              <value type="string" key="oldName"></value>
            </value>
          </value>
          <value _ptr_="0000017033C27D50" type="list" content-type="object" content-struct-name="db.SimpleDatatype" key="simpleDatatypes">
            <link type="object">com.mysql.rdbms.mysql.datatype.tinyint</link>
            <link type="object">com.mysql.rdbms.mysql.datatype.smallint</link>
            <link type="object">com.mysql.rdbms.mysql.datatype.mediumint</link>
            <link type="object">com.mysql.rdbms.mysql.datatype.int</link>
            <link type="object">com.mysql.rdbms.mysql.datatype.bigint</link>
            <link type="object">com.mysql.rdbms.mysql.datatype.float</link>
            <link type="object">com.mysql.rdbms.mysql.datatype.real</link>
            <link type="object">com.mysql.rdbms.mysql.datatype.double</link>
            <link type="object">com.mysql.rdbms.mysql.datatype.decimal</link>
            <link type="object">com.mysql.rdbms.mysql.datatype.char</link>
            <link type="object">com.mysql.rdbms.mysql.datatype.nchar</link>
            <link type="object">com.mysql.rdbms.mysql.datatype.varchar</link>
            <link type="object">com.mysql.rdbms.mysql.datatype.nvarchar</link>
            <link type="object">com.mysql.rdbms.mysql.datatype.binary</link>
            <link type="object">com.mysql.rdbms.mysql.datatype.varbinary</link>
            <link type="object">com.mysql.rdbms.mysql.datatype.tinytext</link>
            <link type="object">com.mysql.rdbms.mysql.datatype.text</link>
            <link type="object">com.mysql.rdbms.mysql.datatype.mediumtext</link>
            <link type="object">com.mysql.rdbms.mysql.datatype.longtext</link>
            <link type="object">com.mysql.rdbms.mysql.datatype.tinyblob</link>
            <link type="object">com.mysql.rdbms.mysql.datatype.blob</link>
            <link type="object">com.mysql.rdbms.mysql.datatype.mediumblob</link>
            <link type="object">com.mysql.rdbms.mysql.datatype.longblob</link>
            <link type="object">com.mysql.rdbms.mysql.datatype.json</link>
            <link type="object">com.mysql.rdbms.mysql.datatype.datetime</link>
            <link type="object">com.mysql.rdbms.mysql.datatype.datetime_f</link>
            <link type="object">com.mysql.rdbms.mysql.datatype.date</link>
            <link type="object">com.mysql.rdbms.mysql.datatype.time</link>
            <link type="object">com.mysql.rdbms.mysql.datatype.time_f</link>
            <link type="object">com.mysql.rdbms.mysql.datatype.year</link>
            <link type="object">com.mysql.rdbms.mysql.datatype.timestamp</link>
            <link type="object">com.mysql.rdbms.mysql.datatype.timestamp_f</link>
            <link type="object">com.mysql.rdbms.mysql.datatype.geometry</link>
            <link type="object">com.mysql.rdbms.mysql.datatype.point</link>
            <link type="object">com.mysql.rdbms.mysql.datatype.linestring</link>
            <link type="object">com.mysql.rdbms.mysql.datatype.polygon</link>
            <link type="object">com.mysql.rdbms.mysql.datatype.geometrycollection</link>
            <link type="object">com.mysql.rdbms.mysql.datatype.multipoint</link>
            <link type="object">com.mysql.rdbms.mysql.datatype.multilinestring</link>
            <link type="object">com.mysql.rdbms.mysql.datatype.multipolygon</link>
            <link type="object">com.mysql.rdbms.mysql.datatype.bit</link>
            <link type="object">com.mysql.rdbms.mysql.datatype.boolean</link>
            <link type="object">com.mysql.rdbms.mysql.datatype.enum</link>
            <link type="object">com.mysql.rdbms.mysql.datatype.set</link>
          </value>
          <value _ptr_="0000017033C27EA0" type="list" content-type="object" content-struct-name="db.UserDatatype" key="userDatatypes"/>
          <value _ptr_="0000017033C2AA60" type="list" content-type="object" content-struct-name="db.User" key="users"/>
          <value type="object" struct-name="GrtVersion" id="{D8924AC8-4C81-46DD-AD9E-4D8F5BC3CD89}" struct-checksum="0x7aaa4ede" key="version">
            <value type="int" key="buildNumber">-1</value>
            <value type="int" key="majorNumber">8</value>
            <value type="int" key="minorNumber">0</value>
            <value type="int" key="releaseNumber">28</value>
            <value type="int" key="status">0</value>
            <value type="string" key="name">Version</value>
            <link type="object" struct-name="GrtObject" key="owner">{A9B53DFC-5FFE-4528-93EE-9E7E0A5BB849}</link>
          </value>
          <value type="string" key="comment"></value>
          <value type="string" key="name">default</value>
          <value type="string" key="oldName">default</value>
          <link type="object" struct-name="GrtObject" key="owner">{B8146694-D019-4FEE-B353-8388F29F35ED}</link>
        </value>
        <value type="string" key="connectionNotation">crowsfoot</value>
        <value _ptr_="0000017033C28BC0" type="list" content-type="object" content-struct-name="db.mgmt.Connection" key="connections"/>
        <value _ptr_="0000017033C27960" type="list" content-type="object" content-struct-name="workbench.physical.Diagram" key="diagrams">
          <value type="object" struct-name="workbench.physical.Diagram" id="{CE7B8B95-A2D6-4FEE-A904-911DCED6464D}" struct-checksum="0x232c2434">
            <value type="int" key="closed">0</value>
            <value _ptr_="000001704A620A60" type="list" content-type="object" content-struct-name="model.Connection" key="connections">
              <value type="object" struct-name="workbench.physical.Connection" id="{03FFF5E3-05E4-4692-8CF3-8857620E5056}" struct-checksum="0x9baebc92">
                <value type="string" key="caption">fk_fichaRequisicao_socio</value>
                <value type="real" key="captionXOffs">0</value>
                <value type="real" key="captionYOffs">0</value>
                <value type="string" key="comment"></value>
                <value type="real" key="endCaptionXOffs">0</value>
                <value type="real" key="endCaptionYOffs">0</value>
                <value type="string" key="extraCaption"></value>
                <value type="real" key="extraCaptionXOffs">0</value>
                <value type="real" key="extraCaptionYOffs">0</value>
                <link type="object" struct-name="db.ForeignKey" key="foreignKey">{E0F403C5-4970-493B-8F5F-2303A9C46045}</link>
                <value type="real" key="middleSegmentOffset">0</value>
                <value type="real" key="startCaptionXOffs">0</value>
                <value type="real" key="startCaptionYOffs">0</value>
                <value type="int" key="drawSplit">0</value>
                <link type="object" struct-name="model.Figure" key="endFigure">{807A803E-7909-4796-B656-FADCC281FA87}</link>
                <link type="object" struct-name="model.Figure" key="startFigure">{12EF8C45-174D-40B9-9208-580B39AAF054}</link>
                <link type="object" struct-name="model.Diagram" key="owner">{CE7B8B95-A2D6-4FEE-A904-911DCED6464D}</link>
                <value type="int" key="visible">1</value>
                <value type="string" key="name"></value>
              </value>
              <value type="object" struct-name="workbench.physical.Connection" id="{34CFBEF6-6BEF-4453-ADEF-C65B04D61D1B}" struct-checksum="0x9baebc92">
                <value type="string" key="caption">fk_reservas_socio1</value>
                <value type="real" key="captionXOffs">0</value>
                <value type="real" key="captionYOffs">0</value>
                <value type="string" key="comment"></value>
                <value type="real" key="endCaptionXOffs">0</value>
                <value type="real" key="endCaptionYOffs">0</value>
                <value type="string" key="extraCaption"></value>
                <value type="real" key="extraCaptionXOffs">0</value>
                <value type="real" key="extraCaptionYOffs">0</value>
                <link type="object" struct-name="db.ForeignKey" key="foreignKey">{D861E14D-C2A2-467E-B7F6-FD1BF4CC44EB}</link>
                <value type="real" key="middleSegmentOffset">0</value>
                <value type="real" key="startCaptionXOffs">0</value>
                <value type="real" key="startCaptionYOffs">0</value>
                <value type="int" key="drawSplit">0</value>
                <link type="object" struct-name="model.Figure" key="endFigure">{807A803E-7909-4796-B656-FADCC281FA87}</link>
                <link type="object" struct-name="model.Figure" key="startFigure">{48CD2CCB-4E42-46C9-92E5-297FE8BFA905}</link>
                <link type="object" struct-name="model.Diagram" key="owner">{CE7B8B95-A2D6-4FEE-A904-911DCED6464D}</link>
                <value type="int" key="visible">1</value>
                <value type="string" key="name"></value>
              </value>
            </value>
            <value type="string" key="description"></value>
            <value _ptr_="000001704A621940" type="list" content-type="object" content-struct-name="model.Figure" key="figures">
              <value type="object" struct-name="workbench.physical.TableFigure" id="{12EF8C45-174D-40B9-9208-580B39AAF054}" struct-checksum="0x3b14eccb">
                <value type="int" key="columnsExpanded">1</value>
                <value type="int" key="foreignKeysExpanded">0</value>
                <value type="int" key="indicesExpanded">0</value>
                <value type="int" key="summarizeDisplay">-1</value>
                <link type="object" struct-name="db.Table" key="table">{8E11EBA4-10A2-4CB8-8A04-31E8D5B490A0}</link>
                <value type="int" key="triggersExpanded">0</value>
                <value type="string" key="color">#98BFDA</value>
                <value type="int" key="expanded">1</value>
                <value type="real" key="height">242</value>
                <link type="object" struct-name="model.Layer" key="layer">{71CDCC7F-C382-494D-9A7B-3ED3A6D4B98D}</link>
                <value type="real" key="left">173</value>
                <value type="int" key="locked">0</value>
                <value type="int" key="manualSizing">1</value>
                <value type="real" key="top">219</value>
                <value type="real" key="width">144</value>
                <link type="object" struct-name="model.Diagram" key="owner">{CE7B8B95-A2D6-4FEE-A904-911DCED6464D}</link>
                <value type="int" key="visible">1</value>
                <value type="string" key="name">fichaRequisicao</value>
              </value>
              <value type="object" struct-name="workbench.physical.TableFigure" id="{807A803E-7909-4796-B656-FADCC281FA87}" struct-checksum="0x3b14eccb">
                <value type="int" key="columnsExpanded">1</value>
                <value type="int" key="foreignKeysExpanded">0</value>
                <value type="int" key="indicesExpanded">0</value>
                <value type="int" key="summarizeDisplay">-1</value>
                <link type="object" struct-name="db.Table" key="table">{41586A78-3815-48EF-B63C-E6D225378162}</link>
                <value type="int" key="triggersExpanded">0</value>
                <value type="string" key="color">#98BFDA</value>
                <value type="int" key="expanded">1</value>
                <value type="real" key="height">155</value>
                <link type="object" struct-name="model.Layer" key="layer">{71CDCC7F-C382-494D-9A7B-3ED3A6D4B98D}</link>
                <value type="real" key="left">304</value>
                <value type="int" key="locked">0</value>
                <value type="int" key="manualSizing">1</value>
                <value type="real" key="top">0</value>
                <value type="real" key="width">145</value>
                <link type="object" struct-name="model.Diagram" key="owner">{CE7B8B95-A2D6-4FEE-A904-911DCED6464D}</link>
                <value type="int" key="visible">1</value>
                <value type="string" key="name">socio</value>
              </value>
              <value type="object" struct-name="workbench.physical.TableFigure" id="{48CD2CCB-4E42-46C9-92E5-297FE8BFA905}" struct-checksum="0x3b14eccb">
                <value type="int" key="columnsExpanded">1</value>
                <value type="int" key="foreignKeysExpanded">0</value>
                <value type="int" key="indicesExpanded">0</value>
                <value type="int" key="summarizeDisplay">-1</value>
                <link type="object" struct-name="db.Table" key="table">{9D0C7B20-F1B2-4907-AC2B-741FC16C384A}</link>
                <value type="int" key="triggersExpanded">0</value>
                <value type="string" key="color">#98BFDA</value>
                <value type="int" key="expanded">1</value>
                <value type="real" key="height">232</value>
                <link type="object" struct-name="model.Layer" key="layer">{71CDCC7F-C382-494D-9A7B-3ED3A6D4B98D}</link>
                <value type="real" key="left">415</value>
                <value type="int" key="locked">0</value>
                <value type="int" key="manualSizing">1</value>
                <value type="real" key="top">223</value>
                <value type="real" key="width">150</value>
                <link type="object" struct-name="model.Diagram" key="owner">{CE7B8B95-A2D6-4FEE-A904-911DCED6464D}</link>
                <value type="int" key="visible">1</value>
                <value type="string" key="name">reservas</value>
              </value>
              <value type="object" struct-name="workbench.physical.TableFigure" id="{84FE9EA7-3622-4BB1-9B1E-8D02854CFEFF}" struct-checksum="0x3b14eccb">
                <value type="int" key="columnsExpanded">1</value>
                <value type="int" key="foreignKeysExpanded">0</value>
                <value type="int" key="indicesExpanded">0</value>
                <value type="int" key="summarizeDisplay">-1</value>
                <link type="object" struct-name="db.Table" key="table">{BAE4321C-3A23-47C5-B120-BB4E6CD87ED4}</link>
                <value type="int" key="triggersExpanded">0</value>
                <value type="string" key="color">#98BFDA</value>
                <value type="int" key="expanded">1</value>
                <value type="real" key="height">206</value>
                <link type="object" struct-name="model.Layer" key="layer">{71CDCC7F-C382-494D-9A7B-3ED3A6D4B98D}</link>
                <value type="real" key="left">723</value>
                <value type="int" key="locked">0</value>
                <value type="int" key="manualSizing">1</value>
                <value type="real" key="top">237</value>
                <value type="real" key="width">131</value>
                <link type="object" struct-name="model.Diagram" key="owner">{CE7B8B95-A2D6-4FEE-A904-911DCED6464D}</link>
                <value type="int" key="visible">1</value>
                <value type="string" key="name">livro</value>
              </value>
            </value>
            <value type="real" key="height">1380.95</value>
            <value _ptr_="000001704A6208A0" type="list" content-type="object" content-struct-name="model.Layer" key="layers"/>
            <value type="string" key="name">EER Diagram</value>
            <value _ptr_="000001704ACF3490" type="dict" key="options"/>
            <link type="object" struct-name="model.Model" key="owner">{B8146694-D019-4FEE-B353-8388F29F35ED}</link>
            <value type="object" struct-name="workbench.physical.Layer" id="{71CDCC7F-C382-494D-9A7B-3ED3A6D4B98D}" struct-checksum="0x1d14ca4b" key="rootLayer">
              <value type="string" key="color"></value>
              <value type="string" key="description"></value>
              <value _ptr_="000001704A6211D0" type="list" content-type="object" content-struct-name="model.Figure" key="figures">
                <link type="object">{12EF8C45-174D-40B9-9208-580B39AAF054}</link>
                <link type="object">{807A803E-7909-4796-B656-FADCC281FA87}</link>
                <link type="object">{48CD2CCB-4E42-46C9-92E5-297FE8BFA905}</link>
                <link type="object">{84FE9EA7-3622-4BB1-9B1E-8D02854CFEFF}</link>
              </value>
              <value _ptr_="000001704A621780" type="list" content-type="object" content-struct-name="model.Group" key="groups"/>
              <value type="real" key="height">1380.95</value>
              <value type="real" key="left">0</value>
              <value _ptr_="000001704A6202F0" type="list" content-type="object" content-struct-name="model.Layer" key="subLayers"/>
              <value type="real" key="top">0</value>
              <value type="real" key="width">986</value>
              <link type="object" struct-name="model.Diagram" key="owner">{CE7B8B95-A2D6-4FEE-A904-911DCED6464D}</link>
              <value type="int" key="visible">1</value>
              <value type="string" key="name"></value>
            </value>
            <value _ptr_="000001704A620EC0" type="list" content-type="object" content-struct-name="model.Object" key="selection">
              <link type="object">{84FE9EA7-3622-4BB1-9B1E-8D02854CFEFF}</link>
            </value>
            <value type="int" key="updateBlocked">0</value>
            <value type="real" key="width">986</value>
            <value type="real" key="x">0</value>
            <value type="real" key="y">0</value>
            <value type="real" key="zoom">1</value>
          </value>
          <value type="object" struct-name="workbench.physical.Diagram" id="{3FA1672A-2D86-4C2B-BA65-0B2CFB171C30}" struct-checksum="0x232c2434">
            <value type="int" key="closed">1</value>
            <value _ptr_="000001704A621BE0" type="list" content-type="object" content-struct-name="model.Connection" key="connections"/>
            <value type="string" key="description"></value>
            <value _ptr_="000001704A621320" type="list" content-type="object" content-struct-name="model.Figure" key="figures"/>
            <value type="real" key="height">1380.95</value>
            <value _ptr_="000001704A620FA0" type="list" content-type="object" content-struct-name="model.Layer" key="layers"/>
            <value type="string" key="name">EER Diagram1</value>
            <value _ptr_="0000017042298DA0" type="dict" key="options"/>
            <link type="object" struct-name="model.Model" key="owner">{B8146694-D019-4FEE-B353-8388F29F35ED}</link>
            <value type="object" struct-name="workbench.physical.Layer" id="{0FF0F868-AD40-4DD4-8AD0-878022DD4E48}" struct-checksum="0x1d14ca4b" key="rootLayer">
              <value type="string" key="color"></value>
              <value type="string" key="description"></value>
              <value _ptr_="000001704A621A20" type="list" content-type="object" content-struct-name="model.Figure" key="figures"/>
              <value _ptr_="000001704A620670" type="list" content-type="object" content-struct-name="model.Group" key="groups"/>
              <value type="real" key="height">1380.95</value>
              <value type="real" key="left">0</value>
              <value _ptr_="000001704A6209F0" type="list" content-type="object" content-struct-name="model.Layer" key="subLayers"/>
              <value type="real" key="top">0</value>
              <value type="real" key="width">986</value>
              <link type="object" struct-name="model.Diagram" key="owner">{3FA1672A-2D86-4C2B-BA65-0B2CFB171C30}</link>
              <value type="int" key="visible">1</value>
              <value type="string" key="name"></value>
            </value>
            <value _ptr_="000001704A621390" type="list" content-type="object" content-struct-name="model.Object" key="selection"/>
            <value type="int" key="updateBlocked">0</value>
            <value type="real" key="width">986</value>
            <value type="real" key="x">0</value>
            <value type="real" key="y">0</value>
            <value type="real" key="zoom">1</value>
          </value>
        </value>
        <value type="string" key="figureNotation">workbench/default</value>
        <value _ptr_="0000017033C28C30" type="list" content-type="object" content-struct-name="GrtStoredNote" key="notes"/>
        <link type="object" struct-name="db.mgmt.Rdbms" key="rdbms">com.mysql.rdbms.mysql</link>
        <value _ptr_="0000017033C28CA0" type="list" content-type="object" content-struct-name="db.Script" key="scripts"/>
        <value _ptr_="000001703D63F1F0" type="dict" key="syncProfiles"/>
        <value _ptr_="0000017033C28D80" type="list" content-type="object" content-struct-name="GrtObject" key="tagCategories">
          <value type="object" struct-name="GrtObject" id="{520C0BCC-7A68-4D78-8571-717EEEEEFF1E}" struct-checksum="0xd06d8c0f">
            <value type="string" key="name">Business Rule</value>
            <link type="object" struct-name="GrtObject" key="owner">{B8146694-D019-4FEE-B353-8388F29F35ED}</link>
          </value>
        </value>
        <value _ptr_="0000017033C28DF0" type="list" content-type="object" content-struct-name="meta.Tag" key="tags"/>
        <link type="object" struct-name="model.Diagram" key="currentDiagram">{CE7B8B95-A2D6-4FEE-A904-911DCED6464D}</link>
        <value _ptr_="000001703D63E6B0" type="dict" key="customData"/>
        <value _ptr_="0000017033C28760" type="list" content-type="object" content-struct-name="model.Marker" key="markers"/>
        <value _ptr_="000001703D63ED10" type="dict" key="options"/>
        <value type="string" key="name"></value>
        <link type="object" struct-name="GrtObject" key="owner">{C3D7EAC5-F500-48A4-BE5C-BDDE9D03D748}</link>
      </value>
    </value>
    <value _ptr_="000001703D63DDB0" type="dict" key="customData">
      <value type="int" key="MySQLDbModule:SkipFKIndexes">0</value>
      <value type="int" key="MySQLDbModule:SortTablesAlphabetically">0</value>
      <value type="string" key="MySQLDbModule:create_sql_output_filename">C:\Users\joaoj\OneDrive\Documentos\Facudade\5 - Quinto Periodo\BD - Proff Elias\BD-Listas de Exercicios -- Joao Julio\7 -\codigo.sql</value>
      <value type="int" key="MySQLDbModule:generate_create_index">0</value>
      <value type="int" key="MySQLDbModule:generate_drop">0</value>
      <value type="int" key="MySQLDbModule:generate_insert">0</value>
      <value type="int" key="MySQLDbModule:generate_schema_drop">0</value>
      <value type="int" key="MySQLDbModule:generate_show_warnings">0</value>
      <value type="int" key="MySQLDbModule:generate_use">0</value>
      <value type="int" key="MySQLDbModule:no_vew_placeholders">0</value>
      <value type="int" key="MySQLDbModule:omit_schema_qualifier">0</value>
      <value type="int" key="MySQLDbModule:skip_foreign_keys">0</value>
      <value type="int" key="MySQLDbModule:skip_users">0</value>
    </value>
    <value type="object" struct-name="app.DocumentInfo" id="{5643008F-C158-4490-BAF0-2ACC68589A4B}" struct-checksum="0xbba780b8" key="info">
      <value type="string" key="author">joaoj</value>
      <value type="string" key="caption">New Model</value>
      <value type="string" key="dateChanged">2022-04-07 16:32</value>
      <value type="string" key="dateCreated">2022-04-07 16:11</value>
      <value type="string" key="description"></value>
      <value type="string" key="project">Name of the project</value>
      <value type="string" key="version">1.0</value>
      <value type="string" key="name">Properties</value>
      <link type="object" struct-name="GrtObject" key="owner">{C3D7EAC5-F500-48A4-BE5C-BDDE9D03D748}</link>
    </value>
    <value type="object" struct-name="app.PageSettings" id="{9320DD5D-C5C0-4D83-954A-C47355008824}" struct-checksum="0x7dc77977" key="pageSettings">
      <value type="real" key="marginBottom">14.46</value>
      <value type="real" key="marginLeft">6.35</value>
      <value type="real" key="marginRight">6.35</value>
      <value type="real" key="marginTop">6.35</value>
      <value type="string" key="orientation">portrait</value>
      <link type="object" struct-name="app.PaperType" key="paperType">com.mysql.wb.papertype.a4</link>
      <value type="real" key="scale">5</value>
      <value type="string" key="name"></value>
      <link type="object" struct-name="GrtObject" key="owner">{C3D7EAC5-F500-48A4-BE5C-BDDE9D03D748}</link>
    </value>
    <value type="string" key="name"></value>
  </value>
</data>
